epoch,loss,val_loss
0,67.57005825042725,10.024847349155628
0,6.250807535648346,552483.2708918243
0,69.35728769302368,10.47158125107321
